ticker,company,price,date
ABSA,Absa Bank Kenya Plc,9.66,16/10/2020
ARM,ARM Cement Limited,5.55,16/10/2020
BAMB,Bamburi Cement Limited,23.2,16/10/2020
BAT,British American Tobacco (Kenya) Ltd.,336,16/10/2020
BERG,Crown Paints Kenya Limited,42.45,16/10/2020
BKG,Bank of Kigali Group Limited,13.05,16/10/2020
BOC,BOC Kenya Limited,56.5,16/10/2020
BRIT,Britam Holdings Limited,7.5,16/10/2020
C&G,Car and General (Kenya) Limited,24,16/10/2020
CABL,East African Cables Limited,1.5,16/10/2020
CARB,Carbacid Investments Limited,8.8,16/10/2020
CFC,Stanbic Holdings Limited,80,16/10/2020
CFCI,Liberty Kenya Holdings Limited,7.6,16/10/2020
CIC,CIC Insurance Group Limited,2.3,16/10/2020
COOP,Co-operative Bank of Kenya Limited,11.9,16/10/2020
DCON,Deacons (East Africa) Plc,0.45,16/10/2020
DTK,Diamond Trust Bank Kenya Limited,62.75,16/10/2020
EABL,East African Breweries Limited,163,16/10/2020
EGAD,Eaagads Limited,13.25,16/10/2020
EQTY,Equity Group Holdings Limited,34.9,16/10/2020
EVRD,Eveready East Africa Limited,0.97,16/10/2020
FAHR,STANLIB Fahari Income REIT,5.36,16/10/2020
FIRE,Sameer Africa Limited,3.5,16/10/2020
FTGH,Flame Tree Group Holdings Limited,1.43,16/10/2020
GLD,NewGold Exchange Traded Fund,"1,965.00",16/10/2020
HAFR,Home Afrika Limited,0.44,16/10/2020
HFCK,Housing Finance Company Limited,3.91,16/10/2020
I&M,I&M Holdings Plc,43.65,16/10/2020
ICDC,Centum Investment Company Limited,18.5,16/10/2020
JUB,Jubilee Holdings Limited,275,16/10/2020
KAPC,Kapchorua Tea Company Limited,80.5,16/10/2020
KCB,KCB Bank Kenya Limited,37.5,16/10/2020
KEGN,Kenya Electricity Generating Co. Ltd.,5,16/10/2020
KNRE,Kenya Re-Insurance Corporation Ltd,2.27,16/10/2020
KPLC,Kenya Power & Lighting Co. Limited,1.75,16/10/2020
KPLC-P4,Kenya Power Pref. Shares at 4%,5,16/10/2020
KPLC-P7,Kenya Power Pref. Shares at 7%,6,16/10/2020
KQ,Kenya Airways Limited,3.83,16/10/2020
KUKZ,Kakuzi Limited,380,16/10/2020
KURV,Kurwitu Ventures Limited,"1,500.00",16/10/2020
LIMT,Limuru Tea Company Limited,400,16/10/2020
LKL,Longhorn Publishers Limited,4.65,16/10/2020
MSC,Mumias Sugar Company Limited,0.28,16/10/2020
NBK,National Bank of Kenya Limited,4.12,16/10/2020
NBV,Nairobi Business Ventures Ltd,0.71,16/10/2020
NIC,NIC Bank Limited,23.25,16/10/2020
NMG,Nation Media Group,15.75,16/10/2020
NSE,Nairobi Securities Exchange Limited,8.42,16/10/2020
OCH,Olympia Capital Holdings Limited,2.3,16/10/2020
ORCH,Kenya Orchards Limited,11.05,16/10/2020
PAFR,Sanlam Kenya Plc,12.7,16/10/2020
PORT,East African Portland Cement Co. Ltd,16,16/10/2020
SASN,Sasini Tea and Coffee Limited,19,16/10/2020
SCAN,ScanGroup Limited,6.96,16/10/2020
SCBK,Standard Chartered Bank Limited,160,16/10/2020
SCOM,Safaricom Limited,30.05,16/10/2020
SGL,Standard Group Limited,18.65,16/10/2020
TCL,Trans Century Limited,1.58,16/10/2020
TOTL,Total Kenya Limited,24.5,16/10/2020
TPSE,TPS Eastern Africa (Serena) Limited,14.65,16/10/2020
UCHM,Uchumi Supermarket Limited,0.3,16/10/2020
UMME,Umeme Limited,6.9,16/10/2020
UNGA,Unga Group Limited,30.65,16/10/2020
WTK,Williamson Tea Kenya Limited,140,16/10/2020
XPRS,Express Kenya Limited,4.5,16/10/2020
ABSA,Absa Bank Kenya Plc,9.62,17/10/2020
ARM,ARM Cement Limited,5.55,17/10/2020
BAMB,Bamburi Cement Limited,23.3,17/10/2020
BAT,British American Tobacco (Kenya) Ltd.,349,17/10/2020
BERG,Crown Paints Kenya Limited,42.45,17/10/2020
BKG,Bank of Kigali Group Limited,13.75,17/10/2020
BOC,BOC Kenya Limited,57,17/10/2020
BRIT,Britam Holdings Limited,7.5,17/10/2020
C&G,Car and General (Kenya) Limited,24,17/10/2020
CABL,East African Cables Limited,1.47,17/10/2020
CARB,Carbacid Investments Limited,8.78,17/10/2020
CFC,Stanbic Holdings Limited,77,17/10/2020
CFCI,Liberty Kenya Holdings Limited,8,17/10/2020
CIC,CIC Insurance Group Limited,2.24,17/10/2020
COOP,Co-operative Bank of Kenya Limited,11.8,17/10/2020
DCON,Deacons (East Africa) Plc,0.45,17/10/2020
DTK,Diamond Trust Bank Kenya Limited,63,17/10/2020
EABL,East African Breweries Limited,163,17/10/2020
EGAD,Eaagads Limited,13.25,17/10/2020
EQTY,Equity Group Holdings Limited,34.95,17/10/2020
EVRD,Eveready East Africa Limited,0.97,17/10/2020
FAHR,STANLIB Fahari Income REIT,5.36,17/10/2020
FIRE,Sameer Africa Limited,3.5,17/10/2020
FTGH,Flame Tree Group Holdings Limited,1.3,17/10/2020
GLD,NewGold Exchange Traded Fund,"1,970.00",17/10/2020
HAFR,Home Afrika Limited,0.4,17/10/2020
HFCK,Housing Finance Company Limited,3.63,17/10/2020
I&M,I&M Holdings Plc,43.5,17/10/2020
ICDC,Centum Investment Company Limited,18.3,17/10/2020
JUB,Jubilee Holdings Limited,275,17/10/2020
KAPC,Kapchorua Tea Company Limited,75,17/10/2020
KCB,KCB Bank Kenya Limited,37.2,17/10/2020
KEGN,Kenya Electricity Generating Co. Ltd.,5.22,17/10/2020
KNRE,Kenya Re-Insurance Corporation Ltd,2.24,17/10/2020
KPLC,Kenya Power & Lighting Co. Limited,1.75,17/10/2020
KPLC-P4,Kenya Power Pref. Shares at 4%,5,17/10/2020
KPLC-P7,Kenya Power Pref. Shares at 7%,6,17/10/2020
KQ,Kenya Airways Limited,3.83,17/10/2020
KUKZ,Kakuzi Limited,380,17/10/2020
KURV,Kurwitu Ventures Limited,"1,500.00",17/10/2020
LIMT,Limuru Tea Company Limited,400,17/10/2020
LKL,Longhorn Publishers Limited,4.54,17/10/2020
MSC,Mumias Sugar Company Limited,0.28,17/10/2020
NBK,National Bank of Kenya Limited,4.12,17/10/2020
NBV,Nairobi Business Ventures Ltd,0.71,17/10/2020
NIC,NIC Bank Limited,22.95,17/10/2020
NMG,Nation Media Group,15.95,17/10/2020
NSE,Nairobi Securities Exchange Limited,8.28,17/10/2020
OCH,Olympia Capital Holdings Limited,2.14,17/10/2020
ORCH,Kenya Orchards Limited,11.05,17/10/2020
PAFR,Sanlam Kenya Plc,12.7,17/10/2020
PORT,East African Portland Cement Co. Ltd,16,17/10/2020
SASN,Sasini Tea and Coffee Limited,19,17/10/2020
SCAN,ScanGroup Limited,6.88,17/10/2020
SCBK,Standard Chartered Bank Limited,157.75,17/10/2020
SCOM,Safaricom Limited,30.1,17/10/2020
SGL,Standard Group Limited,18.1,17/10/2020
TCL,Trans Century Limited,1.53,17/10/2020
TOTL,Total Kenya Limited,23.75,17/10/2020
TPSE,TPS Eastern Africa (Serena) Limited,15,17/10/2020
UCHM,Uchumi Supermarket Limited,0.28,17/10/2020
UMME,Umeme Limited,6.48,17/10/2020
UNGA,Unga Group Limited,30.65,17/10/2020
WTK,Williamson Tea Kenya Limited,140,17/10/2020
XPRS,Express Kenya Limited,4.5,17/10/2020
ABSA,Absa Bank Kenya Plc,9.62,18/10/2020
ARM,ARM Cement Limited,5.55,18/10/2020
BAMB,Bamburi Cement Limited,23.3,18/10/2020
BAT,British American Tobacco (Kenya) Ltd.,349,18/10/2020
BERG,Crown Paints Kenya Limited,42.45,18/10/2020
BKG,Bank of Kigali Group Limited,13.75,18/10/2020
BOC,BOC Kenya Limited,57,18/10/2020
BRIT,Britam Holdings Limited,7.5,18/10/2020
C&G,Car and General (Kenya) Limited,24,18/10/2020
CABL,East African Cables Limited,1.47,18/10/2020
CARB,Carbacid Investments Limited,8.78,18/10/2020
CFC,Stanbic Holdings Limited,77,18/10/2020
CFCI,Liberty Kenya Holdings Limited,8,18/10/2020
CIC,CIC Insurance Group Limited,2.24,18/10/2020
COOP,Co-operative Bank of Kenya Limited,11.8,18/10/2020
DCON,Deacons (East Africa) Plc,0.45,18/10/2020
DTK,Diamond Trust Bank Kenya Limited,63,18/10/2020
EABL,East African Breweries Limited,163,18/10/2020
EGAD,Eaagads Limited,13.25,18/10/2020
EQTY,Equity Group Holdings Limited,34.95,18/10/2020
EVRD,Eveready East Africa Limited,0.97,18/10/2020
FAHR,STANLIB Fahari Income REIT,5.36,18/10/2020
FIRE,Sameer Africa Limited,3.5,18/10/2020
FTGH,Flame Tree Group Holdings Limited,1.3,18/10/2020
GLD,NewGold Exchange Traded Fund,"1,970.00",18/10/2020
HAFR,Home Afrika Limited,0.4,18/10/2020
HFCK,Housing Finance Company Limited,3.63,18/10/2020
I&M,I&M Holdings Plc,43.5,18/10/2020
ICDC,Centum Investment Company Limited,18.3,18/10/2020
JUB,Jubilee Holdings Limited,275,18/10/2020
KAPC,Kapchorua Tea Company Limited,75,18/10/2020
KCB,KCB Bank Kenya Limited,37.2,18/10/2020
KEGN,Kenya Electricity Generating Co. Ltd.,5.22,18/10/2020
KNRE,Kenya Re-Insurance Corporation Ltd,2.24,18/10/2020
KPLC,Kenya Power & Lighting Co. Limited,1.75,18/10/2020
KPLC-P4,Kenya Power Pref. Shares at 4%,5,18/10/2020
KPLC-P7,Kenya Power Pref. Shares at 7%,6,18/10/2020
KQ,Kenya Airways Limited,3.83,18/10/2020
KUKZ,Kakuzi Limited,380,18/10/2020
KURV,Kurwitu Ventures Limited,"1,500.00",18/10/2020
LIMT,Limuru Tea Company Limited,400,18/10/2020
LKL,Longhorn Publishers Limited,4.54,18/10/2020
MSC,Mumias Sugar Company Limited,0.28,18/10/2020
NBK,National Bank of Kenya Limited,4.12,18/10/2020
NBV,Nairobi Business Ventures Ltd,0.71,18/10/2020
NIC,NIC Bank Limited,22.95,18/10/2020
NMG,Nation Media Group,15.95,18/10/2020
NSE,Nairobi Securities Exchange Limited,8.28,18/10/2020
OCH,Olympia Capital Holdings Limited,2.14,18/10/2020
ORCH,Kenya Orchards Limited,11.05,18/10/2020
PAFR,Sanlam Kenya Plc,12.7,18/10/2020
PORT,East African Portland Cement Co. Ltd,16,18/10/2020
SASN,Sasini Tea and Coffee Limited,19,18/10/2020
SCAN,ScanGroup Limited,6.88,18/10/2020
SCBK,Standard Chartered Bank Limited,157.75,18/10/2020
SCOM,Safaricom Limited,30.1,18/10/2020
SGL,Standard Group Limited,18.1,18/10/2020
TCL,Trans Century Limited,1.53,18/10/2020
TOTL,Total Kenya Limited,23.75,18/10/2020
TPSE,TPS Eastern Africa (Serena) Limited,15,18/10/2020
UCHM,Uchumi Supermarket Limited,0.28,18/10/2020
UMME,Umeme Limited,6.48,18/10/2020
UNGA,Unga Group Limited,30.65,18/10/2020
WTK,Williamson Tea Kenya Limited,140,18/10/2020
XPRS,Express Kenya Limited,4.5,18/10/2020
ABSA,Absa Bank Kenya Plc,9.5,19/10/2020 00:00
ARM,ARM Cement Limited,5.55,19/10/2020 00:00
BAMB,Bamburi Cement Limited,23.25,19/10/2020 00:00
BAT,British American Tobacco (Kenya) Ltd.,350,19/10/2020 00:00
BERG,Crown Paints Kenya Limited,42.5,19/10/2020 00:00
BKG,Bank of Kigali Group Limited,14,19/10/2020 00:00
BOC,BOC Kenya Limited,57,19/10/2020 00:00
BRIT,Britam Holdings Limited,7.5,19/10/2020 00:00
C&G,Car and General (Kenya) Limited,24,19/10/2020 00:00
CABL,East African Cables Limited,1.47,19/10/2020 00:00
CARB,Carbacid Investments Limited,8.4,19/10/2020 00:00
CFC,Stanbic Holdings Limited,84,19/10/2020 00:00
CFCI,Liberty Kenya Holdings Limited,7.84,19/10/2020 00:00
CIC,CIC Insurance Group Limited,2.24,19/10/2020 00:00
COOP,Co-operative Bank of Kenya Limited,11.85,19/10/2020 00:00
DCON,Deacons (East Africa) Plc,0.45,19/10/2020 00:00
DTK,Diamond Trust Bank Kenya Limited,62.5,19/10/2020 00:00
EABL,East African Breweries Limited,162,19/10/2020 00:00
EGAD,Eaagads Limited,13.25,19/10/2020 00:00
EQTY,Equity Group Holdings Limited,34.55,19/10/2020 00:00
EVRD,Eveready East Africa Limited,0.97,19/10/2020 00:00
FAHR,STANLIB Fahari Income REIT,5.38,19/10/2020 00:00
FIRE,Sameer Africa Limited,3.41,19/10/2020 00:00
FTGH,Flame Tree Group Holdings Limited,1.32,19/10/2020 00:00
GLD,NewGold Exchange Traded Fund,"1,970.00",19/10/2020 00:00
HAFR,Home Afrika Limited,0.39,19/10/2020 00:00
HFCK,Housing Finance Company Limited,3.86,19/10/2020 00:00
I&M,I&M Holdings Plc,43.65,19/10/2020 00:00
ICDC,Centum Investment Company Limited,18.5,19/10/2020 00:00
JUB,Jubilee Holdings Limited,270,19/10/2020 00:00
KAPC,Kapchorua Tea Company Limited,75,19/10/2020 00:00
KCB,KCB Bank Kenya Limited,37,19/10/2020 00:00
KEGN,Kenya Electricity Generating Co. Ltd.,5.24,19/10/2020 00:00
KNRE,Kenya Re-Insurance Corporation Ltd,2.26,19/10/2020 00:00
KPLC,Kenya Power & Lighting Co. Limited,1.73,19/10/2020 00:00
KPLC-P4,Kenya Power Pref. Shares at 4%,5,19/10/2020 00:00
KPLC-P7,Kenya Power Pref. Shares at 7%,6,19/10/2020 00:00
KQ,Kenya Airways Limited,3.83,19/10/2020 00:00
KUKZ,Kakuzi Limited,380,19/10/2020 00:00
KURV,Kurwitu Ventures Limited,"1,500.00",19/10/2020 00:00
LIMT,Limuru Tea Company Limited,400,19/10/2020 00:00
LKL,Longhorn Publishers Limited,4.7,19/10/2020 00:00
MSC,Mumias Sugar Company Limited,0.28,19/10/2020 00:00
NBK,National Bank of Kenya Limited,4.12,19/10/2020 00:00
NBV,Nairobi Business Ventures Ltd,0.71,19/10/2020 00:00
NIC,NIC Bank Limited,22.85,19/10/2020 00:00
NMG,Nation Media Group,15.6,19/10/2020 00:00
NSE,Nairobi Securities Exchange Limited,8.1,19/10/2020 00:00
OCH,Olympia Capital Holdings Limited,2.04,19/10/2020 00:00
ORCH,Kenya Orchards Limited,11.05,19/10/2020 00:00
PAFR,Sanlam Kenya Plc,12.5,19/10/2020 00:00
PORT,East African Portland Cement Co. Ltd,16,19/10/2020 00:00
SASN,Sasini Tea and Coffee Limited,19,19/10/2020 00:00
SCAN,ScanGroup Limited,6.82,19/10/2020 00:00
SCBK,Standard Chartered Bank Limited,159.5,19/10/2020 00:00
SCOM,Safaricom Limited,30.1,19/10/2020 00:00
SGL,Standard Group Limited,18.1,19/10/2020 00:00
TCL,Trans Century Limited,1.58,19/10/2020 00:00
TOTL,Total Kenya Limited,22.8,19/10/2020 00:00
TPSE,TPS Eastern Africa (Serena) Limited,16,19/10/2020 00:00
UCHM,Uchumi Supermarket Limited,0.3,19/10/2020 00:00
UMME,Umeme Limited,7,19/10/2020 00:00
UNGA,Unga Group Limited,30.65,19/10/2020 00:00
WTK,Williamson Tea Kenya Limited,139,19/10/2020 00:00
XPRS,Express Kenya Limited,4.5,19/10/2020 00:00
ABSA,Absa Bank Kenya Plc,9.5,20/10/2020 00:00
ARM,ARM Cement Limited,5.55,20/10/2020 00:00
BAMB,Bamburi Cement Limited,23.25,20/10/2020 00:00
BAT,British American Tobacco (Kenya) Ltd.,350,20/10/2020 00:00
BERG,Crown Paints Kenya Limited,42.5,20/10/2020 00:00
BKG,Bank of Kigali Group Limited,14,20/10/2020 00:00
BOC,BOC Kenya Limited,57,20/10/2020 00:00
BRIT,Britam Holdings Limited,7.5,20/10/2020 00:00
C&G,Car and General (Kenya) Limited,24,20/10/2020 00:00
CABL,East African Cables Limited,1.47,20/10/2020 00:00
CARB,Carbacid Investments Limited,8.4,20/10/2020 00:00
CFC,Stanbic Holdings Limited,84,20/10/2020 00:00
CFCI,Liberty Kenya Holdings Limited,7.84,20/10/2020 00:00
CIC,CIC Insurance Group Limited,2.24,20/10/2020 00:00
COOP,Co-operative Bank of Kenya Limited,11.85,20/10/2020 00:00
DCON,Deacons (East Africa) Plc,0.45,20/10/2020 00:00
DTK,Diamond Trust Bank Kenya Limited,62.5,20/10/2020 00:00
EABL,East African Breweries Limited,162,20/10/2020 00:00
EGAD,Eaagads Limited,13.25,20/10/2020 00:00
EQTY,Equity Group Holdings Limited,34.55,20/10/2020 00:00
EVRD,Eveready East Africa Limited,0.97,20/10/2020 00:00
FAHR,STANLIB Fahari Income REIT,5.38,20/10/2020 00:00
FIRE,Sameer Africa Limited,3.41,20/10/2020 00:00
FTGH,Flame Tree Group Holdings Limited,1.32,20/10/2020 00:00
GLD,NewGold Exchange Traded Fund,"1,970.00",20/10/2020 00:00
HAFR,Home Afrika Limited,0.39,20/10/2020 00:00
HFCK,Housing Finance Company Limited,3.86,20/10/2020 00:00
I&M,I&M Holdings Plc,43.65,20/10/2020 00:00
ICDC,Centum Investment Company Limited,18.5,20/10/2020 00:00
JUB,Jubilee Holdings Limited,270,20/10/2020 00:00
KAPC,Kapchorua Tea Company Limited,75,20/10/2020 00:00
KCB,KCB Bank Kenya Limited,37,20/10/2020 00:00
KEGN,Kenya Electricity Generating Co. Ltd.,5.24,20/10/2020 00:00
KNRE,Kenya Re-Insurance Corporation Ltd,2.26,20/10/2020 00:00
KPLC,Kenya Power & Lighting Co. Limited,1.73,20/10/2020 00:00
KPLC-P4,Kenya Power Pref. Shares at 4%,5,20/10/2020 00:00
KPLC-P7,Kenya Power Pref. Shares at 7%,6,20/10/2020 00:00
KQ,Kenya Airways Limited,3.83,20/10/2020 00:00
KUKZ,Kakuzi Limited,380,20/10/2020 00:00
KURV,Kurwitu Ventures Limited,"1,500.00",20/10/2020 00:00
LIMT,Limuru Tea Company Limited,400,20/10/2020 00:00
LKL,Longhorn Publishers Limited,4.7,20/10/2020 00:00
MSC,Mumias Sugar Company Limited,0.28,20/10/2020 00:00
NBK,National Bank of Kenya Limited,4.12,20/10/2020 00:00
NBV,Nairobi Business Ventures Ltd,0.71,20/10/2020 00:00
NIC,NIC Bank Limited,22.85,20/10/2020 00:00
NMG,Nation Media Group,15.6,20/10/2020 00:00
NSE,Nairobi Securities Exchange Limited,8.1,20/10/2020 00:00
OCH,Olympia Capital Holdings Limited,2.04,20/10/2020 00:00
ORCH,Kenya Orchards Limited,11.05,20/10/2020 00:00
PAFR,Sanlam Kenya Plc,12.5,20/10/2020 00:00
PORT,East African Portland Cement Co. Ltd,16,20/10/2020 00:00
SASN,Sasini Tea and Coffee Limited,19,20/10/2020 00:00
SCAN,ScanGroup Limited,6.82,20/10/2020 00:00
SCBK,Standard Chartered Bank Limited,159.5,20/10/2020 00:00
SCOM,Safaricom Limited,30.1,20/10/2020 00:00
SGL,Standard Group Limited,18.1,20/10/2020 00:00
TCL,Trans Century Limited,1.58,20/10/2020 00:00
TOTL,Total Kenya Limited,22.8,20/10/2020 00:00
TPSE,TPS Eastern Africa (Serena) Limited,16,20/10/2020 00:00
UCHM,Uchumi Supermarket Limited,0.3,20/10/2020 00:00
UMME,Umeme Limited,7,20/10/2020 00:00
UNGA,Unga Group Limited,30.65,20/10/2020 00:00
WTK,Williamson Tea Kenya Limited,139,20/10/2020 00:00
XPRS,Express Kenya Limited,4.5,20/10/2020 00:00
ABSA,Absa Bank Kenya Plc,9.5,21/10/2020
ARM,ARM Cement Limited,5.55,21/10/2020
BAMB,Bamburi Cement Limited,23.55,21/10/2020
BAT,British American Tobacco (Kenya) Ltd.,349.25,21/10/2020
BERG,Crown Paints Kenya Limited,42,21/10/2020
BKG,Bank of Kigali Group Limited,14,21/10/2020
BOC,BOC Kenya Limited,59,21/10/2020
BRIT,Britam Holdings Limited,7.54,21/10/2020
C&G,Car and General (Kenya) Limited,25,21/10/2020
CABL,East African Cables Limited,1.49,21/10/2020
CARB,Carbacid Investments Limited,8.88,21/10/2020
CFC,Stanbic Holdings Limited,84,21/10/2020
CFCI,Liberty Kenya Holdings Limited,7.98,21/10/2020
CIC,CIC Insurance Group Limited,2.21,21/10/2020
COOP,Co-operative Bank of Kenya Limited,11.45,21/10/2020
DCON,Deacons (East Africa) Plc,0.45,21/10/2020
DTK,Diamond Trust Bank Kenya Limited,62.5,21/10/2020
EABL,East African Breweries Limited,160,21/10/2020
EGAD,Eaagads Limited,13.25,21/10/2020
EQTY,Equity Group Holdings Limited,34.55,21/10/2020
EVRD,Eveready East Africa Limited,0.91,21/10/2020
FAHR,STANLIB Fahari Income REIT,5.44,21/10/2020
FIRE,Sameer Africa Limited,3.47,21/10/2020
FTGH,Flame Tree Group Holdings Limited,1.32,21/10/2020
GLD,NewGold Exchange Traded Fund,"1,970.00",21/10/2020
HAFR,Home Afrika Limited,0.42,21/10/2020
HFCK,Housing Finance Company Limited,3.98,21/10/2020
I&M,I&M Holdings Plc,43.65,21/10/2020
ICDC,Centum Investment Company Limited,18.5,21/10/2020
JUB,Jubilee Holdings Limited,274.25,21/10/2020
KAPC,Kapchorua Tea Company Limited,75,21/10/2020
KCB,KCB Bank Kenya Limited,37.1,21/10/2020
KEGN,Kenya Electricity Generating Co. Ltd.,5.28,21/10/2020
KNRE,Kenya Re-Insurance Corporation Ltd,2.25,21/10/2020
KPLC,Kenya Power & Lighting Co. Limited,1.73,21/10/2020
KPLC-P4,Kenya Power Pref. Shares at 4%,5,21/10/2020
KPLC-P7,Kenya Power Pref. Shares at 7%,6,21/10/2020
KQ,Kenya Airways Limited,3.83,21/10/2020
KUKZ,Kakuzi Limited,380,21/10/2020
KURV,Kurwitu Ventures Limited,"1,500.00",21/10/2020
LIMT,Limuru Tea Company Limited,400,21/10/2020
LKL,Longhorn Publishers Limited,4.7,21/10/2020
MSC,Mumias Sugar Company Limited,0.28,21/10/2020
NBK,National Bank of Kenya Limited,4.12,21/10/2020
NBV,Nairobi Business Ventures Ltd,0.71,21/10/2020
NIC,NIC Bank Limited,22.9,21/10/2020
NMG,Nation Media Group,15.45,21/10/2020
NSE,Nairobi Securities Exchange Limited,8.44,21/10/2020
OCH,Olympia Capital Holdings Limited,1.92,21/10/2020
ORCH,Kenya Orchards Limited,11.05,21/10/2020
PAFR,Sanlam Kenya Plc,12.5,21/10/2020
PORT,East African Portland Cement Co. Ltd,16,21/10/2020
SASN,Sasini Tea and Coffee Limited,19,21/10/2020
SCAN,ScanGroup Limited,6.78,21/10/2020
SCBK,Standard Chartered Bank Limited,153.5,21/10/2020
SCOM,Safaricom Limited,30.25,21/10/2020
SGL,Standard Group Limited,19.9,21/10/2020
TCL,Trans Century Limited,1.58,21/10/2020
TOTL,Total Kenya Limited,22.85,21/10/2020
TPSE,TPS Eastern Africa (Serena) Limited,16,21/10/2020
UCHM,Uchumi Supermarket Limited,0.3,21/10/2020
UMME,Umeme Limited,7,21/10/2020
UNGA,Unga Group Limited,30.65,21/10/2020
WTK,Williamson Tea Kenya Limited,137.5,21/10/2020
XPRS,Express Kenya Limited,4.5,21/10/2020
ABSA,Absa Bank Kenya Plc,9.46,22/10/2020
ARM,ARM Cement Limited,5.55,22/10/2020
BAMB,Bamburi Cement Limited,23.55,22/10/2020
BAT,British American Tobacco (Kenya) Ltd.,349.25,22/10/2020
BERG,Crown Paints Kenya Limited,42,22/10/2020
BKG,Bank of Kigali Group Limited,14,22/10/2020
BOC,BOC Kenya Limited,59,22/10/2020
BRIT,Britam Holdings Limited,7.5,22/10/2020
C&G,Car and General (Kenya) Limited,25,22/10/2020
CABL,East African Cables Limited,1.5,22/10/2020
CARB,Carbacid Investments Limited,8.42,22/10/2020
CFC,Stanbic Holdings Limited,84,22/10/2020
CFCI,Liberty Kenya Holdings Limited,7.98,22/10/2020
CIC,CIC Insurance Group Limited,2.07,22/10/2020
COOP,Co-operative Bank of Kenya Limited,11.45,22/10/2020
DCON,Deacons (East Africa) Plc,0.45,22/10/2020
DTK,Diamond Trust Bank Kenya Limited,62.25,22/10/2020
EABL,East African Breweries Limited,160,22/10/2020
EGAD,Eaagads Limited,13.25,22/10/2020
EQTY,Equity Group Holdings Limited,34.5,22/10/2020
EVRD,Eveready East Africa Limited,0.92,22/10/2020
FAHR,STANLIB Fahari Income REIT,5.44,22/10/2020
FIRE,Sameer Africa Limited,3.47,22/10/2020
FTGH,Flame Tree Group Holdings Limited,1.4,22/10/2020
GLD,NewGold Exchange Traded Fund,"1,970.00",22/10/2020
HAFR,Home Afrika Limited,0.44,22/10/2020
HFCK,Housing Finance Company Limited,3.98,22/10/2020
I&M,I&M Holdings Plc,43.65,22/10/2020
ICDC,Centum Investment Company Limited,18,22/10/2020
JUB,Jubilee Holdings Limited,275,22/10/2020
KAPC,Kapchorua Tea Company Limited,75,22/10/2020
KCB,KCB Bank Kenya Limited,37.25,22/10/2020
KEGN,Kenya Electricity Generating Co. Ltd.,5.24,22/10/2020
KNRE,Kenya Re-Insurance Corporation Ltd,2.23,22/10/2020
KPLC,Kenya Power & Lighting Co. Limited,1.75,22/10/2020
KPLC-P4,Kenya Power Pref. Shares at 4%,5,22/10/2020
KPLC-P7,Kenya Power Pref. Shares at 7%,6,22/10/2020
KQ,Kenya Airways Limited,3.83,22/10/2020
KUKZ,Kakuzi Limited,380,22/10/2020
KURV,Kurwitu Ventures Limited,"1,500.00",22/10/2020
LIMT,Limuru Tea Company Limited,400,22/10/2020
LKL,Longhorn Publishers Limited,4.53,22/10/2020
MSC,Mumias Sugar Company Limited,0.28,22/10/2020
NBK,National Bank of Kenya Limited,4.12,22/10/2020
NBV,Nairobi Business Ventures Ltd,0.71,22/10/2020
NIC,NIC Bank Limited,22.9,22/10/2020
NMG,Nation Media Group,15.55,22/10/2020
NSE,Nairobi Securities Exchange Limited,8.4,22/10/2020
OCH,Olympia Capital Holdings Limited,1.92,22/10/2020
ORCH,Kenya Orchards Limited,11.05,22/10/2020
PAFR,Sanlam Kenya Plc,12.5,22/10/2020
PORT,East African Portland Cement Co. Ltd,16,22/10/2020
SASN,Sasini Tea and Coffee Limited,19,22/10/2020
SCAN,ScanGroup Limited,6.7,22/10/2020
SCBK,Standard Chartered Bank Limited,152.25,22/10/2020
SCOM,Safaricom Limited,30.65,22/10/2020
SGL,Standard Group Limited,19.9,22/10/2020
TCL,Trans Century Limited,1.65,22/10/2020
TOTL,Total Kenya Limited,22.85,22/10/2020
TPSE,TPS Eastern Africa (Serena) Limited,16,22/10/2020
UCHM,Uchumi Supermarket Limited,0.3,22/10/2020
UMME,Umeme Limited,7,22/10/2020
UNGA,Unga Group Limited,30.65,22/10/2020
WTK,Williamson Tea Kenya Limited,137.5,22/10/2020
XPRS,Express Kenya Limited,4.5,22/10/2020
ABSA,Absa Bank Kenya Plc,9.5,23/10/2020
ARM,ARM Cement Limited,5.55,23/10/2020
BAMB,Bamburi Cement Limited,23.75,23/10/2020
BAT,British American Tobacco (Kenya) Ltd.,349.25,23/10/2020
BERG,Crown Paints Kenya Limited,41.45,23/10/2020
BKG,Bank of Kigali Group Limited,13.05,23/10/2020
BOC,BOC Kenya Limited,59,23/10/2020
BRIT,Britam Holdings Limited,7.58,23/10/2020
C&G,Car and General (Kenya) Limited,25,23/10/2020
CABL,East African Cables Limited,1.59,23/10/2020
CARB,Carbacid Investments Limited,8.92,23/10/2020
CFC,Stanbic Holdings Limited,81.25,23/10/2020
CFCI,Liberty Kenya Holdings Limited,7.8,23/10/2020
CIC,CIC Insurance Group Limited,2.19,23/10/2020
COOP,Co-operative Bank of Kenya Limited,11.4,23/10/2020
DCON,Deacons (East Africa) Plc,0.45,23/10/2020
DTK,Diamond Trust Bank Kenya Limited,61,23/10/2020
EABL,East African Breweries Limited,157,23/10/2020
EGAD,Eaagads Limited,13.25,23/10/2020
EQTY,Equity Group Holdings Limited,34.35,23/10/2020
EVRD,Eveready East Africa Limited,0.92,23/10/2020
FAHR,STANLIB Fahari Income REIT,5.48,23/10/2020
FIRE,Sameer Africa Limited,3.5,23/10/2020
FTGH,Flame Tree Group Holdings Limited,1.49,23/10/2020
GLD,NewGold Exchange Traded Fund,"1,970.00",23/10/2020
HAFR,Home Afrika Limited,0.44,23/10/2020
HFCK,Housing Finance Company Limited,3.96,23/10/2020
I&M,I&M Holdings Plc,45,23/10/2020
ICDC,Centum Investment Company Limited,18.45,23/10/2020
JUB,Jubilee Holdings Limited,275,23/10/2020
KAPC,Kapchorua Tea Company Limited,75,23/10/2020
KCB,KCB Bank Kenya Limited,37.05,23/10/2020
KEGN,Kenya Electricity Generating Co. Ltd.,5.12,23/10/2020
KNRE,Kenya Re-Insurance Corporation Ltd,2.21,23/10/2020
KPLC,Kenya Power & Lighting Co. Limited,1.82,23/10/2020
KPLC-P4,Kenya Power Pref. Shares at 4%,5,23/10/2020
KPLC-P7,Kenya Power Pref. Shares at 7%,6,23/10/2020
KQ,Kenya Airways Limited,3.83,23/10/2020
KUKZ,Kakuzi Limited,375,23/10/2020
KURV,Kurwitu Ventures Limited,"1,500.00",23/10/2020
LIMT,Limuru Tea Company Limited,400,23/10/2020
LKL,Longhorn Publishers Limited,4.59,23/10/2020
MSC,Mumias Sugar Company Limited,0.28,23/10/2020
NBK,National Bank of Kenya Limited,4.12,23/10/2020
NBV,Nairobi Business Ventures Ltd,0.71,23/10/2020
NIC,NIC Bank Limited,22.75,23/10/2020
NMG,Nation Media Group,15.4,23/10/2020
NSE,Nairobi Securities Exchange Limited,8.14,23/10/2020
OCH,Olympia Capital Holdings Limited,1.92,23/10/2020
ORCH,Kenya Orchards Limited,11.05,23/10/2020
PAFR,Sanlam Kenya Plc,12.05,23/10/2020
PORT,East African Portland Cement Co. Ltd,16,23/10/2020
SASN,Sasini Tea and Coffee Limited,19,23/10/2020
SCAN,ScanGroup Limited,6.7,23/10/2020
SCBK,Standard Chartered Bank Limited,152.75,23/10/2020
SCOM,Safaricom Limited,30.95,23/10/2020
SGL,Standard Group Limited,21.85,23/10/2020
TCL,Trans Century Limited,1.66,23/10/2020
TOTL,Total Kenya Limited,23.35,23/10/2020
TPSE,TPS Eastern Africa (Serena) Limited,15.75,23/10/2020
UCHM,Uchumi Supermarket Limited,0.3,23/10/2020
UMME,Umeme Limited,7.18,23/10/2020
UNGA,Unga Group Limited,30,23/10/2020
WTK,Williamson Tea Kenya Limited,137,23/10/2020
XPRS,Express Kenya Limited,4.5,23/10/2020
ABSA,Absa Bank Kenya Plc,9.5,24/10/2020
ARM,ARM Cement Limited,5.55,24/10/2020
BAMB,Bamburi Cement Limited,23.75,24/10/2020
BAT,British American Tobacco (Kenya) Ltd.,349.25,24/10/2020
BERG,Crown Paints Kenya Limited,41.45,24/10/2020
BKG,Bank of Kigali Group Limited,13.05,24/10/2020
BOC,BOC Kenya Limited,59,24/10/2020
BRIT,Britam Holdings Limited,7.58,24/10/2020
C&G,Car and General (Kenya) Limited,25,24/10/2020
CABL,East African Cables Limited,1.59,24/10/2020
CARB,Carbacid Investments Limited,8.92,24/10/2020
CFC,Stanbic Holdings Limited,81.25,24/10/2020
CFCI,Liberty Kenya Holdings Limited,7.8,24/10/2020
CIC,CIC Insurance Group Limited,2.19,24/10/2020
COOP,Co-operative Bank of Kenya Limited,11.4,24/10/2020
DCON,Deacons (East Africa) Plc,0.45,24/10/2020
DTK,Diamond Trust Bank Kenya Limited,61,24/10/2020
EABL,East African Breweries Limited,157,24/10/2020
EGAD,Eaagads Limited,13.25,24/10/2020
EQTY,Equity Group Holdings Limited,34.35,24/10/2020
EVRD,Eveready East Africa Limited,0.92,24/10/2020
FAHR,STANLIB Fahari Income REIT,5.48,24/10/2020
FIRE,Sameer Africa Limited,3.5,24/10/2020
FTGH,Flame Tree Group Holdings Limited,1.49,24/10/2020
GLD,NewGold Exchange Traded Fund,"1,970.00",24/10/2020
HAFR,Home Afrika Limited,0.44,24/10/2020
HFCK,Housing Finance Company Limited,3.96,24/10/2020
I&M,I&M Holdings Plc,45,24/10/2020
ICDC,Centum Investment Company Limited,18.45,24/10/2020
JUB,Jubilee Holdings Limited,275,24/10/2020
KAPC,Kapchorua Tea Company Limited,75,24/10/2020
KCB,KCB Bank Kenya Limited,37.05,24/10/2020
KEGN,Kenya Electricity Generating Co. Ltd.,5.12,24/10/2020
KNRE,Kenya Re-Insurance Corporation Ltd,2.21,24/10/2020
KPLC,Kenya Power & Lighting Co. Limited,1.82,24/10/2020
KPLC-P4,Kenya Power Pref. Shares at 4%,5,24/10/2020
KPLC-P7,Kenya Power Pref. Shares at 7%,6,24/10/2020
KQ,Kenya Airways Limited,3.83,24/10/2020
KUKZ,Kakuzi Limited,375,24/10/2020
KURV,Kurwitu Ventures Limited,"1,500.00",24/10/2020
LIMT,Limuru Tea Company Limited,400,24/10/2020
LKL,Longhorn Publishers Limited,4.59,24/10/2020
MSC,Mumias Sugar Company Limited,0.28,24/10/2020
NBK,National Bank of Kenya Limited,4.12,24/10/2020
NBV,Nairobi Business Ventures Ltd,0.71,24/10/2020
NIC,NIC Bank Limited,22.75,24/10/2020
NMG,Nation Media Group,15.4,24/10/2020
NSE,Nairobi Securities Exchange Limited,8.14,24/10/2020
OCH,Olympia Capital Holdings Limited,1.92,24/10/2020
ORCH,Kenya Orchards Limited,11.05,24/10/2020
PAFR,Sanlam Kenya Plc,12.05,24/10/2020
PORT,East African Portland Cement Co. Ltd,16,24/10/2020
SASN,Sasini Tea and Coffee Limited,19,24/10/2020
SCAN,ScanGroup Limited,6.7,24/10/2020
SCBK,Standard Chartered Bank Limited,152.75,24/10/2020
SCOM,Safaricom Limited,30.95,24/10/2020
SGL,Standard Group Limited,21.85,24/10/2020
TCL,Trans Century Limited,1.66,24/10/2020
TOTL,Total Kenya Limited,23.35,24/10/2020
TPSE,TPS Eastern Africa (Serena) Limited,15.75,24/10/2020
UCHM,Uchumi Supermarket Limited,0.3,24/10/2020
UMME,Umeme Limited,7.18,24/10/2020
UNGA,Unga Group Limited,30,24/10/2020
WTK,Williamson Tea Kenya Limited,137,24/10/2020
XPRS,Express Kenya Limited,4.5,24/10/2020
ABSA,Absa Bank Kenya Plc,9.4,26/10/2020
ARM,ARM Cement Limited,5.55,26/10/2020
BAMB,Bamburi Cement Limited,24,26/10/2020
BAT,British American Tobacco (Kenya) Ltd.,350,26/10/2020
BERG,Crown Paints Kenya Limited,41.5,26/10/2020
BKG,Bank of Kigali Group Limited,13,26/10/2020
BOC,BOC Kenya Limited,59,26/10/2020
BRIT,Britam Holdings Limited,7.56,26/10/2020
C&G,Car and General (Kenya) Limited,25,26/10/2020
CABL,East African Cables Limited,1.6,26/10/2020
CARB,Carbacid Investments Limited,8.92,26/10/2020
CFC,Stanbic Holdings Limited,80,26/10/2020
CFCI,Liberty Kenya Holdings Limited,7.24,26/10/2020
CIC,CIC Insurance Group Limited,2.16,26/10/2020
COOP,Co-operative Bank of Kenya Limited,11.45,26/10/2020
DCON,Deacons (East Africa) Plc,0.45,26/10/2020
DTK,Diamond Trust Bank Kenya Limited,63.5,26/10/2020
EABL,East African Breweries Limited,153.75,26/10/2020
EGAD,Eaagads Limited,13.25,26/10/2020
EQTY,Equity Group Holdings Limited,34.5,26/10/2020
EVRD,Eveready East Africa Limited,0.97,26/10/2020
FAHR,STANLIB Fahari Income REIT,5.56,26/10/2020
FIRE,Sameer Africa Limited,3.5,26/10/2020
FTGH,Flame Tree Group Holdings Limited,1.49,26/10/2020
GLD,NewGold Exchange Traded Fund,"1,970.00",26/10/2020
HAFR,Home Afrika Limited,0.45,26/10/2020
HFCK,Housing Finance Company Limited,3.95,26/10/2020
I&M,I&M Holdings Plc,44,26/10/2020
ICDC,Centum Investment Company Limited,18.1,26/10/2020
JUB,Jubilee Holdings Limited,275,26/10/2020
KAPC,Kapchorua Tea Company Limited,75,26/10/2020
KCB,KCB Bank Kenya Limited,36.9,26/10/2020
KEGN,Kenya Electricity Generating Co. Ltd.,5.16,26/10/2020
KNRE,Kenya Re-Insurance Corporation Ltd,2.24,26/10/2020
KPLC,Kenya Power & Lighting Co. Limited,1.8,26/10/2020
KPLC-P4,Kenya Power Pref. Shares at 4%,5,26/10/2020
KPLC-P7,Kenya Power Pref. Shares at 7%,6,26/10/2020
KQ,Kenya Airways Limited,3.83,26/10/2020
KUKZ,Kakuzi Limited,375,26/10/2020
KURV,Kurwitu Ventures Limited,"1,500.00",26/10/2020
LIMT,Limuru Tea Company Limited,400,26/10/2020
LKL,Longhorn Publishers Limited,4.51,26/10/2020
MSC,Mumias Sugar Company Limited,0.28,26/10/2020
NBK,National Bank of Kenya Limited,4.12,26/10/2020
NBV,Nairobi Business Ventures Ltd,0.71,26/10/2020
NIC,NIC Bank Limited,22.55,26/10/2020
NMG,Nation Media Group,15.8,26/10/2020
NSE,Nairobi Securities Exchange Limited,8.1,26/10/2020
OCH,Olympia Capital Holdings Limited,1.92,26/10/2020
ORCH,Kenya Orchards Limited,11.05,26/10/2020
PAFR,Sanlam Kenya Plc,12.5,26/10/2020
PORT,East African Portland Cement Co. Ltd,16,26/10/2020
SASN,Sasini Tea and Coffee Limited,19.15,26/10/2020
SCAN,ScanGroup Limited,6.7,26/10/2020
SCBK,Standard Chartered Bank Limited,153.5,26/10/2020
SCOM,Safaricom Limited,30.5,26/10/2020
SGL,Standard Group Limited,21.85,26/10/2020
TCL,Trans Century Limited,1.66,26/10/2020
TOTL,Total Kenya Limited,23.35,26/10/2020
TPSE,TPS Eastern Africa (Serena) Limited,14.45,26/10/2020
UCHM,Uchumi Supermarket Limited,0.3,26/10/2020
UMME,Umeme Limited,7.16,26/10/2020
UNGA,Unga Group Limited,30,26/10/2020
WTK,Williamson Tea Kenya Limited,137,26/10/2020
XPRS,Express Kenya Limited,4.5,26/10/2020
ABSA,Absa Bank Kenya Plc,9.4,27/10/2020
ARM,ARM Cement Limited,5.55,27/10/2020
BAMB,Bamburi Cement Limited,23.75,27/10/2020
BAT,British American Tobacco (Kenya) Ltd.,350,27/10/2020
BERG,Crown Paints Kenya Limited,41.5,27/10/2020
BKG,Bank of Kigali Group Limited,13,27/10/2020
BOC,BOC Kenya Limited,59,27/10/2020
BRIT,Britam Holdings Limited,7.6,27/10/2020
C&G,Car and General (Kenya) Limited,25,27/10/2020
CABL,East African Cables Limited,1.55,27/10/2020
CARB,Carbacid Investments Limited,8.52,27/10/2020
CFC,Stanbic Holdings Limited,80,27/10/2020
CFCI,Liberty Kenya Holdings Limited,7.8,27/10/2020
CIC,CIC Insurance Group Limited,2.17,27/10/2020
COOP,Co-operative Bank of Kenya Limited,11.15,27/10/2020
DCON,Deacons (East Africa) Plc,0.45,27/10/2020
DTK,Diamond Trust Bank Kenya Limited,63,27/10/2020
EABL,East African Breweries Limited,153.75,27/10/2020
EGAD,Eaagads Limited,13.25,27/10/2020
EQTY,Equity Group Holdings Limited,34.4,27/10/2020
EVRD,Eveready East Africa Limited,0.97,27/10/2020
FAHR,STANLIB Fahari Income REIT,5.7,27/10/2020
FIRE,Sameer Africa Limited,3.5,27/10/2020
FTGH,Flame Tree Group Holdings Limited,1.48,27/10/2020
GLD,NewGold Exchange Traded Fund,"1,970.00",27/10/2020
HAFR,Home Afrika Limited,0.44,27/10/2020
HFCK,Housing Finance Company Limited,3.7,27/10/2020
I&M,I&M Holdings Plc,44,27/10/2020
ICDC,Centum Investment Company Limited,18.3,27/10/2020
JUB,Jubilee Holdings Limited,270,27/10/2020
KAPC,Kapchorua Tea Company Limited,80,27/10/2020
KCB,KCB Bank Kenya Limited,36.6,27/10/2020
KEGN,Kenya Electricity Generating Co. Ltd.,5.14,27/10/2020
KNRE,Kenya Re-Insurance Corporation Ltd,2.28,27/10/2020
KPLC,Kenya Power & Lighting Co. Limited,1.73,27/10/2020
KPLC-P4,Kenya Power Pref. Shares at 4%,5,27/10/2020
KPLC-P7,Kenya Power Pref. Shares at 7%,6,27/10/2020
KQ,Kenya Airways Limited,3.83,27/10/2020
KUKZ,Kakuzi Limited,375,27/10/2020
KURV,Kurwitu Ventures Limited,"1,500.00",27/10/2020
LIMT,Limuru Tea Company Limited,400,27/10/2020
LKL,Longhorn Publishers Limited,4.7,27/10/2020
MSC,Mumias Sugar Company Limited,0.28,27/10/2020
NBK,National Bank of Kenya Limited,4.12,27/10/2020
NBV,Nairobi Business Ventures Ltd,0.71,27/10/2020
NIC,NIC Bank Limited,22.6,27/10/2020
NMG,Nation Media Group,16.2,27/10/2020
NSE,Nairobi Securities Exchange Limited,8,27/10/2020
OCH,Olympia Capital Holdings Limited,1.92,27/10/2020
ORCH,Kenya Orchards Limited,11.05,27/10/2020
PAFR,Sanlam Kenya Plc,12.5,27/10/2020
PORT,East African Portland Cement Co. Ltd,16,27/10/2020
SASN,Sasini Tea and Coffee Limited,19.6,27/10/2020
SCAN,ScanGroup Limited,6.7,27/10/2020
SCBK,Standard Chartered Bank Limited,158.5,27/10/2020
SCOM,Safaricom Limited,30.6,27/10/2020
SGL,Standard Group Limited,24,27/10/2020
TCL,Trans Century Limited,1.5,27/10/2020
TOTL,Total Kenya Limited,23.35,27/10/2020
TPSE,TPS Eastern Africa (Serena) Limited,14.45,27/10/2020
UCHM,Uchumi Supermarket Limited,0.27,27/10/2020
UMME,Umeme Limited,7.2,27/10/2020
UNGA,Unga Group Limited,30,27/10/2020
WTK,Williamson Tea Kenya Limited,139,27/10/2020
XPRS,Express Kenya Limited,4.5,27/10/2020
ABSA,Absa Bank Kenya Plc,9.4,28/10/2020
ARM,ARM Cement Limited,5.55,28/10/2020
BAMB,Bamburi Cement Limited,23.55,28/10/2020
BAT,British American Tobacco (Kenya) Ltd.,350,28/10/2020
BERG,Crown Paints Kenya Limited,41.5,28/10/2020
BKG,Bank of Kigali Group Limited,12.5,28/10/2020
BOC,BOC Kenya Limited,59,28/10/2020
BRIT,Britam Holdings Limited,7.8,28/10/2020
C&G,Car and General (Kenya) Limited,23.75,28/10/2020
CABL,East African Cables Limited,1.59,28/10/2020
CARB,Carbacid Investments Limited,8.74,28/10/2020
CFC,Stanbic Holdings Limited,80,28/10/2020
CFCI,Liberty Kenya Holdings Limited,7.82,28/10/2020
CIC,CIC Insurance Group Limited,2.23,28/10/2020
COOP,Co-operative Bank of Kenya Limited,11.15,28/10/2020
DCON,Deacons (East Africa) Plc,0.45,28/10/2020
DTK,Diamond Trust Bank Kenya Limited,62.25,28/10/2020
EABL,East African Breweries Limited,153,28/10/2020
EGAD,Eaagads Limited,13.25,28/10/2020
EQTY,Equity Group Holdings Limited,34.35,28/10/2020
EVRD,Eveready East Africa Limited,0.91,28/10/2020
FAHR,STANLIB Fahari Income REIT,5.68,28/10/2020
FIRE,Sameer Africa Limited,3.29,28/10/2020
FTGH,Flame Tree Group Holdings Limited,1.48,28/10/2020
GLD,NewGold Exchange Traded Fund,"1,970.00",28/10/2020
HAFR,Home Afrika Limited,0.44,28/10/2020
HFCK,Housing Finance Company Limited,3.88,28/10/2020
I&M,I&M Holdings Plc,44,28/10/2020
ICDC,Centum Investment Company Limited,18,28/10/2020
JUB,Jubilee Holdings Limited,270,28/10/2020
KAPC,Kapchorua Tea Company Limited,80,28/10/2020
KCB,KCB Bank Kenya Limited,36.75,28/10/2020
KEGN,Kenya Electricity Generating Co. Ltd.,5.18,28/10/2020
KNRE,Kenya Re-Insurance Corporation Ltd,2.28,28/10/2020
KPLC,Kenya Power & Lighting Co. Limited,1.75,28/10/2020
KPLC-P4,Kenya Power Pref. Shares at 4%,5,28/10/2020
KPLC-P7,Kenya Power Pref. Shares at 7%,6,28/10/2020
KQ,Kenya Airways Limited,3.83,28/10/2020
KUKZ,Kakuzi Limited,370,28/10/2020
KURV,Kurwitu Ventures Limited,"1,500.00",28/10/2020
LIMT,Limuru Tea Company Limited,400,28/10/2020
LKL,Longhorn Publishers Limited,4.66,28/10/2020
MSC,Mumias Sugar Company Limited,0.28,28/10/2020
NBK,National Bank of Kenya Limited,4.12,28/10/2020
NBV,Nairobi Business Ventures Ltd,0.71,28/10/2020
NIC,NIC Bank Limited,22.65,28/10/2020
NMG,Nation Media Group,16.35,28/10/2020
NSE,Nairobi Securities Exchange Limited,8.06,28/10/2020
OCH,Olympia Capital Holdings Limited,1.95,28/10/2020
ORCH,Kenya Orchards Limited,11.05,28/10/2020
PAFR,Sanlam Kenya Plc,12.3,28/10/2020
PORT,East African Portland Cement Co. Ltd,16,28/10/2020
SASN,Sasini Tea and Coffee Limited,19,28/10/2020
SCAN,ScanGroup Limited,6.68,28/10/2020
SCBK,Standard Chartered Bank Limited,154.75,28/10/2020
SCOM,Safaricom Limited,30.6,28/10/2020
SGL,Standard Group Limited,25.3,28/10/2020
TCL,Trans Century Limited,1.6,28/10/2020
TOTL,Total Kenya Limited,24,28/10/2020
TPSE,TPS Eastern Africa (Serena) Limited,14.45,28/10/2020
UCHM,Uchumi Supermarket Limited,0.27,28/10/2020
UMME,Umeme Limited,7.2,28/10/2020
UNGA,Unga Group Limited,30,28/10/2020
WTK,Williamson Tea Kenya Limited,136.5,28/10/2020
XPRS,Express Kenya Limited,4.1,28/10/2020
ABSA,Absa Bank Kenya Plc,9.42,29/10/2020
ARM,ARM Cement Limited,5.55,29/10/2020
BAMB,Bamburi Cement Limited,23.95,29/10/2020
BAT,British American Tobacco (Kenya) Ltd.,342,29/10/2020
BERG,Crown Paints Kenya Limited,41,29/10/2020
BKG,Bank of Kigali Group Limited,13,29/10/2020
BOC,BOC Kenya Limited,56.5,29/10/2020
BRIT,Britam Holdings Limited,7.76,29/10/2020
C&G,Car and General (Kenya) Limited,23.75,29/10/2020
CABL,East African Cables Limited,1.58,29/10/2020
CARB,Carbacid Investments Limited,8.74,29/10/2020
CFC,Stanbic Holdings Limited,80,29/10/2020
CFCI,Liberty Kenya Holdings Limited,7.92,29/10/2020
CIC,CIC Insurance Group Limited,2.17,29/10/2020
COOP,Co-operative Bank of Kenya Limited,11.35,29/10/2020
DCON,Deacons (East Africa) Plc,0.45,29/10/2020
DTK,Diamond Trust Bank Kenya Limited,63,29/10/2020
EABL,East African Breweries Limited,153.75,29/10/2020
EGAD,Eaagads Limited,13.25,29/10/2020
EQTY,Equity Group Holdings Limited,34,29/10/2020
EVRD,Eveready East Africa Limited,0.96,29/10/2020
FAHR,STANLIB Fahari Income REIT,5.5,29/10/2020
FIRE,Sameer Africa Limited,3,29/10/2020
FTGH,Flame Tree Group Holdings Limited,1.47,29/10/2020
GLD,NewGold Exchange Traded Fund,"1,970.00",29/10/2020
HAFR,Home Afrika Limited,0.44,29/10/2020
HFCK,Housing Finance Company Limited,3.91,29/10/2020
I&M,I&M Holdings Plc,44,29/10/2020
ICDC,Centum Investment Company Limited,18.45,29/10/2020
JUB,Jubilee Holdings Limited,270,29/10/2020
KAPC,Kapchorua Tea Company Limited,80,29/10/2020
KCB,KCB Bank Kenya Limited,36.55,29/10/2020
KEGN,Kenya Electricity Generating Co. Ltd.,5.08,29/10/2020
KNRE,Kenya Re-Insurance Corporation Ltd,2.27,29/10/2020
KPLC,Kenya Power & Lighting Co. Limited,1.76,29/10/2020
KPLC-P4,Kenya Power Pref. Shares at 4%,5,29/10/2020
KPLC-P7,Kenya Power Pref. Shares at 7%,6,29/10/2020
KQ,Kenya Airways Limited,3.83,29/10/2020
KUKZ,Kakuzi Limited,370,29/10/2020
KURV,Kurwitu Ventures Limited,"1,500.00",29/10/2020
LIMT,Limuru Tea Company Limited,400,29/10/2020
LKL,Longhorn Publishers Limited,4.62,29/10/2020
MSC,Mumias Sugar Company Limited,0.28,29/10/2020
NBK,National Bank of Kenya Limited,4.12,29/10/2020
NBV,Nairobi Business Ventures Ltd,0.71,29/10/2020
NIC,NIC Bank Limited,22.25,29/10/2020
NMG,Nation Media Group,16.35,29/10/2020
NSE,Nairobi Securities Exchange Limited,8.02,29/10/2020
OCH,Olympia Capital Holdings Limited,1.95,29/10/2020
ORCH,Kenya Orchards Limited,11.05,29/10/2020
PAFR,Sanlam Kenya Plc,12.3,29/10/2020
PORT,East African Portland Cement Co. Ltd,16,29/10/2020
SASN,Sasini Tea and Coffee Limited,19.6,29/10/2020
SCAN,ScanGroup Limited,6.7,29/10/2020
SCBK,Standard Chartered Bank Limited,159.25,29/10/2020
SCOM,Safaricom Limited,30.5,29/10/2020
SGL,Standard Group Limited,24,29/10/2020
TCL,Trans Century Limited,1.6,29/10/2020
TOTL,Total Kenya Limited,24.05,29/10/2020
TPSE,TPS Eastern Africa (Serena) Limited,14.45,29/10/2020
UCHM,Uchumi Supermarket Limited,0.27,29/10/2020
UMME,Umeme Limited,7.2,29/10/2020
UNGA,Unga Group Limited,30,29/10/2020
WTK,Williamson Tea Kenya Limited,136.5,29/10/2020
XPRS,Express Kenya Limited,4.11,29/10/2020
ABSA,Absa Bank Kenya Plc,9.44,30/10/2020
ARM,ARM Cement Limited,5.55,30/10/2020
BAMB,Bamburi Cement Limited,24,30/10/2020
BAT,British American Tobacco (Kenya) Ltd.,342,30/10/2020
BERG,Crown Paints Kenya Limited,41.5,30/10/2020
BKG,Bank of Kigali Group Limited,12.75,30/10/2020
BOC,BOC Kenya Limited,56.5,30/10/2020
BRIT,Britam Holdings Limited,7.38,30/10/2020
C&G,Car and General (Kenya) Limited,23.75,30/10/2020
CABL,East African Cables Limited,1.59,30/10/2020
CARB,Carbacid Investments Limited,8.5,30/10/2020
CFC,Stanbic Holdings Limited,77,30/10/2020
CFCI,Liberty Kenya Holdings Limited,7.58,30/10/2020
CIC,CIC Insurance Group Limited,2.25,30/10/2020
COOP,Co-operative Bank of Kenya Limited,11.3,30/10/2020
DCON,Deacons (East Africa) Plc,0.45,30/10/2020
DTK,Diamond Trust Bank Kenya Limited,61.25,30/10/2020
EABL,East African Breweries Limited,150.25,30/10/2020
EGAD,Eaagads Limited,13.25,30/10/2020
EQTY,Equity Group Holdings Limited,33.9,30/10/2020
EVRD,Eveready East Africa Limited,0.98,30/10/2020
FAHR,STANLIB Fahari Income REIT,5.5,30/10/2020
FIRE,Sameer Africa Limited,3.1,30/10/2020
FTGH,Flame Tree Group Holdings Limited,1.4,30/10/2020
GLD,NewGold Exchange Traded Fund,"1,970.00",30/10/2020
HAFR,Home Afrika Limited,0.43,30/10/2020
HFCK,Housing Finance Company Limited,3.73,30/10/2020
I&M,I&M Holdings Plc,44,30/10/2020
ICDC,Centum Investment Company Limited,18.3,30/10/2020
JUB,Jubilee Holdings Limited,269.5,30/10/2020
KAPC,Kapchorua Tea Company Limited,80,30/10/2020
KCB,KCB Bank Kenya Limited,36.05,30/10/2020
KEGN,Kenya Electricity Generating Co. Ltd.,5.06,30/10/2020
KNRE,Kenya Re-Insurance Corporation Ltd,2.25,30/10/2020
KPLC,Kenya Power & Lighting Co. Limited,1.75,30/10/2020
KPLC-P4,Kenya Power Pref. Shares at 4%,5,30/10/2020
KPLC-P7,Kenya Power Pref. Shares at 7%,6,30/10/2020
KQ,Kenya Airways Limited,3.83,30/10/2020
KUKZ,Kakuzi Limited,370,30/10/2020
KURV,Kurwitu Ventures Limited,"1,500.00",30/10/2020
LIMT,Limuru Tea Company Limited,400,30/10/2020
LKL,Longhorn Publishers Limited,4.61,30/10/2020
MSC,Mumias Sugar Company Limited,0.28,30/10/2020
NBK,National Bank of Kenya Limited,4.12,30/10/2020
NBV,Nairobi Business Ventures Ltd,0.71,30/10/2020
NIC,NIC Bank Limited,22.65,30/10/2020
NMG,Nation Media Group,16.2,30/10/2020
NSE,Nairobi Securities Exchange Limited,8.26,30/10/2020
OCH,Olympia Capital Holdings Limited,1.95,30/10/2020
ORCH,Kenya Orchards Limited,11.05,30/10/2020
PAFR,Sanlam Kenya Plc,12.3,30/10/2020
PORT,East African Portland Cement Co. Ltd,16,30/10/2020
SASN,Sasini Tea and Coffee Limited,20,30/10/2020
SCAN,ScanGroup Limited,6.44,30/10/2020
SCBK,Standard Chartered Bank Limited,158.25,30/10/2020
SCOM,Safaricom Limited,30.85,30/10/2020
SGL,Standard Group Limited,25.3,30/10/2020
TCL,Trans Century Limited,1.6,30/10/2020
TOTL,Total Kenya Limited,24.05,30/10/2020
TPSE,TPS Eastern Africa (Serena) Limited,14.45,30/10/2020
UCHM,Uchumi Supermarket Limited,0.28,30/10/2020
UMME,Umeme Limited,7.16,30/10/2020
UNGA,Unga Group Limited,30,30/10/2020
WTK,Williamson Tea Kenya Limited,136.5,30/10/2020
XPRS,Express Kenya Limited,3.91,30/10/2020
ABSA,Absa Bank Kenya Plc,9.28,2020-11-02
ARM,ARM Cement Limited,5.55,2020-11-02
BAMB,Bamburi Cement Limited,22.80,2020-11-02
BAT,British American Tobacco (Kenya) Ltd.,336.00,2020-11-02
BERG,Crown Paints Kenya Limited,41.50,2020-11-02
BKG,Bank of Kigali Group Limited,12.75,2020-11-02
BOC,BOC Kenya Limited,56.50,2020-11-02
BRIT,Britam Holdings Limited,7.16,2020-11-02
C&G,Car and General (Kenya) Limited,25.00,2020-11-02
CABL,East African Cables Limited,1.49,2020-11-02
CARB,Carbacid Investments Limited,8.70,2020-11-02
CFC,Stanbic Holdings Limited,77.00,2020-11-02
CFCI,Liberty Kenya Holdings Limited,7.50,2020-11-02
CIC,CIC Insurance Group Limited,2.22,2020-11-02
COOP,Co-operative Bank of Kenya Limited,11.50,2020-11-02
DCON,Deacons (East Africa) Plc,0.45,2020-11-02
DTK,Diamond Trust Bank Kenya Limited,60.00,2020-11-02
EABL,East African Breweries Limited,150.50,2020-11-02
EGAD,Eaagads Limited,13.25,2020-11-02
EQTY,Equity Group Holdings Limited,33.35,2020-11-02
EVRD,Eveready East Africa Limited,0.99,2020-11-02
FAHR,STANLIB Fahari Income REIT,5.60,2020-11-02
FIRE,Sameer Africa Limited,3.08,2020-11-02
FTGH,Flame Tree Group Holdings Limited,1.40,2020-11-02
GLD,NewGold Exchange Traded Fund,"1,970.00",2020-11-02
HAFR,Home Afrika Limited,0.41,2020-11-02
HFCK,Housing Finance Company Limited,3.74,2020-11-02
I&M,I&M Holdings Plc,43.95,2020-11-02
ICDC,Centum Investment Company Limited,18.05,2020-11-02
JUB,Jubilee Holdings Limited,270.00,2020-11-02
KAPC,Kapchorua Tea Company Limited,80.00,2020-11-02
KCB,KCB Bank Kenya Limited,35.90,2020-11-02
KEGN,Kenya Electricity Generating Co. Ltd.,5.00,2020-11-02
KNRE,Kenya Re-Insurance Corporation Ltd,2.25,2020-11-02
KPLC,Kenya Power & Lighting Co. Limited,1.76,2020-11-02
KPLC-P4,Kenya Power Pref. Shares at 4%,5.00,2020-11-02
KPLC-P7,Kenya Power Pref. Shares at 7%,6.00,2020-11-02
KQ,Kenya Airways Limited,3.83,2020-11-02
KUKZ,Kakuzi Limited,370.00,2020-11-02
KURV,Kurwitu Ventures Limited,"1,500.00",2020-11-02
LIMT,Limuru Tea Company Limited,400.00,2020-11-02
LKL,Longhorn Publishers Limited,4.61,2020-11-02
MSC,Mumias Sugar Company Limited,0.28,2020-11-02
NBK,National Bank of Kenya Limited,4.12,2020-11-02
NBV,Nairobi Business Ventures Ltd,0.71,2020-11-02
NIC,NIC Bank Limited,22.05,2020-11-02
NMG,Nation Media Group,15.85,2020-11-02
NSE,Nairobi Securities Exchange Limited,8.02,2020-11-02
OCH,Olympia Capital Holdings Limited,1.95,2020-11-02
ORCH,Kenya Orchards Limited,11.05,2020-11-02
PAFR,Sanlam Kenya Plc,12.30,2020-11-02
PORT,East African Portland Cement Co. Ltd,16.00,2020-11-02
SASN,Sasini Tea and Coffee Limited,20.00,2020-11-02
SCAN,ScanGroup Limited,6.38,2020-11-02
SCBK,Standard Chartered Bank Limited,159.50,2020-11-02
SCOM,Safaricom Limited,31.25,2020-11-02
SGL,Standard Group Limited,25.30,2020-11-02
TCL,Trans Century Limited,1.57,2020-11-02
TOTL,Total Kenya Limited,26.00,2020-11-02
TPSE,TPS Eastern Africa (Serena) Limited,14.45,2020-11-02
UCHM,Uchumi Supermarket Limited,0.29,2020-11-02
UMME,Umeme Limited,7.16,2020-11-02
UNGA,Unga Group Limited,30.00,2020-11-02
WTK,Williamson Tea Kenya Limited,136.25,2020-11-02
XPRS,Express Kenya Limited,3.91,2020-11-02
ABSA,Absa Bank Kenya Plc,9.22,2020-11-03
ARM,ARM Cement Limited,5.55,2020-11-03
BAMB,Bamburi Cement Limited,24.00,2020-11-03
BAT,British American Tobacco (Kenya) Ltd.,336.00,2020-11-03
BERG,Crown Paints Kenya Limited,41.50,2020-11-03
BKG,Bank of Kigali Group Limited,12.55,2020-11-03
BOC,BOC Kenya Limited,56.50,2020-11-03
BRIT,Britam Holdings Limited,7.26,2020-11-03
C&G,Car and General (Kenya) Limited,25.00,2020-11-03
CABL,East African Cables Limited,1.58,2020-11-03
CARB,Carbacid Investments Limited,8.70,2020-11-03
CFC,Stanbic Holdings Limited,81.00,2020-11-03
CFCI,Liberty Kenya Holdings Limited,7.50,2020-11-03
CIC,CIC Insurance Group Limited,2.20,2020-11-03
COOP,Co-operative Bank of Kenya Limited,11.55,2020-11-03
DCON,Deacons (East Africa) Plc,0.45,2020-11-03
DTK,Diamond Trust Bank Kenya Limited,60.00,2020-11-03
EABL,East African Breweries Limited,151.00,2020-11-03
EGAD,Eaagads Limited,13.25,2020-11-03
EQTY,Equity Group Holdings Limited,32.75,2020-11-03
EVRD,Eveready East Africa Limited,1.06,2020-11-03
FAHR,STANLIB Fahari Income REIT,5.50,2020-11-03
FIRE,Sameer Africa Limited,3.08,2020-11-03
FTGH,Flame Tree Group Holdings Limited,1.33,2020-11-03
GLD,NewGold Exchange Traded Fund,"1,970.00",2020-11-03
HAFR,Home Afrika Limited,0.41,2020-11-03
HFCK,Housing Finance Company Limited,3.70,2020-11-03
I&M,I&M Holdings Plc,43.95,2020-11-03
ICDC,Centum Investment Company Limited,17.50,2020-11-03
JUB,Jubilee Holdings Limited,268.75,2020-11-03
KAPC,Kapchorua Tea Company Limited,80.00,2020-11-03
KCB,KCB Bank Kenya Limited,35.60,2020-11-03
KEGN,Kenya Electricity Generating Co. Ltd.,4.95,2020-11-03
KNRE,Kenya Re-Insurance Corporation Ltd,2.24,2020-11-03
KPLC,Kenya Power & Lighting Co. Limited,1.71,2020-11-03
KPLC-P4,Kenya Power Pref. Shares at 4%,5.00,2020-11-03
KPLC-P7,Kenya Power Pref. Shares at 7%,6.00,2020-11-03
KQ,Kenya Airways Limited,3.83,2020-11-03
KUKZ,Kakuzi Limited,370.00,2020-11-03
KURV,Kurwitu Ventures Limited,"1,500.00",2020-11-03
LIMT,Limuru Tea Company Limited,360.00,2020-11-03
LKL,Longhorn Publishers Limited,4.53,2020-11-03
MSC,Mumias Sugar Company Limited,0.28,2020-11-03
NBK,National Bank of Kenya Limited,4.12,2020-11-03
NBV,Nairobi Business Ventures Ltd,0.71,2020-11-03
NIC,NIC Bank Limited,22.00,2020-11-03
NMG,Nation Media Group,15.55,2020-11-03
NSE,Nairobi Securities Exchange Limited,7.54,2020-11-03
OCH,Olympia Capital Holdings Limited,2.14,2020-11-03
ORCH,Kenya Orchards Limited,11.05,2020-11-03
PAFR,Sanlam Kenya Plc,12.50,2020-11-03
PORT,East African Portland Cement Co. Ltd,16.00,2020-11-03
SASN,Sasini Tea and Coffee Limited,20.00,2020-11-03
SCAN,ScanGroup Limited,6.30,2020-11-03
SCBK,Standard Chartered Bank Limited,157.75,2020-11-03
SCOM,Safaricom Limited,31.25,2020-11-03
SGL,Standard Group Limited,25.30,2020-11-03
TCL,Trans Century Limited,1.60,2020-11-03
TOTL,Total Kenya Limited,26.00,2020-11-03
TPSE,TPS Eastern Africa (Serena) Limited,14.45,2020-11-03
UCHM,Uchumi Supermarket Limited,0.30,2020-11-03
UMME,Umeme Limited,7.20,2020-11-03
UNGA,Unga Group Limited,30.00,2020-11-03
WTK,Williamson Tea Kenya Limited,133.75,2020-11-03
XPRS,Express Kenya Limited,3.91,2020-11-03
ABSA,Absa Bank Kenya Plc,9.24,2020-11-04
ARM,ARM Cement Limited,5.55,2020-11-04
BAMB,Bamburi Cement Limited,24.35,2020-11-04
BAT,British American Tobacco (Kenya) Ltd.,345.00,2020-11-04
BERG,Crown Paints Kenya Limited,41.50,2020-11-04
BKG,Bank of Kigali Group Limited,12.55,2020-11-04
BOC,BOC Kenya Limited,56.50,2020-11-04
BRIT,Britam Holdings Limited,7.32,2020-11-04
C&G,Car and General (Kenya) Limited,22.50,2020-11-04
CABL,East African Cables Limited,1.54,2020-11-04
CARB,Carbacid Investments Limited,8.20,2020-11-04
CFC,Stanbic Holdings Limited,81.00,2020-11-04
CFCI,Liberty Kenya Holdings Limited,7.50,2020-11-04
CIC,CIC Insurance Group Limited,2.19,2020-11-04
COOP,Co-operative Bank of Kenya Limited,11.70,2020-11-04
DCON,Deacons (East Africa) Plc,0.45,2020-11-04
DTK,Diamond Trust Bank Kenya Limited,59.50,2020-11-04
EABL,East African Breweries Limited,150.50,2020-11-04
EGAD,Eaagads Limited,13.25,2020-11-04
EQTY,Equity Group Holdings Limited,32.80,2020-11-04
EVRD,Eveready East Africa Limited,1.05,2020-11-04
FAHR,STANLIB Fahari Income REIT,5.36,2020-11-04
FIRE,Sameer Africa Limited,3.00,2020-11-04
FTGH,Flame Tree Group Holdings Limited,1.40,2020-11-04
GLD,NewGold Exchange Traded Fund,"1,970.00",2020-11-04
HAFR,Home Afrika Limited,0.41,2020-11-04
HFCK,Housing Finance Company Limited,3.65,2020-11-04
I&M,I&M Holdings Plc,44.00,2020-11-04
ICDC,Centum Investment Company Limited,17.90,2020-11-04
JUB,Jubilee Holdings Limited,269.00,2020-11-04
KAPC,Kapchorua Tea Company Limited,80.00,2020-11-04
KCB,KCB Bank Kenya Limited,35.40,2020-11-04
KEGN,Kenya Electricity Generating Co. Ltd.,4.81,2020-11-04
KNRE,Kenya Re-Insurance Corporation Ltd,2.20,2020-11-04
KPLC,Kenya Power & Lighting Co. Limited,1.70,2020-11-04
KPLC-P4,Kenya Power Pref. Shares at 4%,5.00,2020-11-04
KPLC-P7,Kenya Power Pref. Shares at 7%,6.00,2020-11-04
KQ,Kenya Airways Limited,3.83,2020-11-04
KUKZ,Kakuzi Limited,370.00,2020-11-04
KURV,Kurwitu Ventures Limited,"1,500.00",2020-11-04
LIMT,Limuru Tea Company Limited,360.00,2020-11-04
LKL,Longhorn Publishers Limited,4.60,2020-11-04
MSC,Mumias Sugar Company Limited,0.28,2020-11-04
NBK,National Bank of Kenya Limited,4.12,2020-11-04
NBV,Nairobi Business Ventures Ltd,0.71,2020-11-04
NIC,NIC Bank Limited,21.75,2020-11-04
NMG,Nation Media Group,15.80,2020-11-04
NSE,Nairobi Securities Exchange Limited,7.40,2020-11-04
OCH,Olympia Capital Holdings Limited,2.14,2020-11-04
ORCH,Kenya Orchards Limited,11.05,2020-11-04
PAFR,Sanlam Kenya Plc,12.50,2020-11-04
PORT,East African Portland Cement Co. Ltd,16.00,2020-11-04
SASN,Sasini Tea and Coffee Limited,18.00,2020-11-04
SCAN,ScanGroup Limited,6.50,2020-11-04
SCBK,Standard Chartered Bank Limited,154.75,2020-11-04
SCOM,Safaricom Limited,31.15,2020-11-04
SGL,Standard Group Limited,25.30,2020-11-04
TCL,Trans Century Limited,1.50,2020-11-04
TOTL,Total Kenya Limited,24.80,2020-11-04
TPSE,TPS Eastern Africa (Serena) Limited,14.45,2020-11-04
UCHM,Uchumi Supermarket Limited,0.28,2020-11-04
UMME,Umeme Limited,7.20,2020-11-04
UNGA,Unga Group Limited,30.05,2020-11-04
WTK,Williamson Tea Kenya Limited,133.00,2020-11-04
XPRS,Express Kenya Limited,3.91,2020-11-04
ABSA,Absa Bank Kenya Plc,9.38,2020-11-05
ARM,ARM Cement Limited,5.55,2020-11-05
BAMB,Bamburi Cement Limited,24.95,2020-11-05
BAT,British American Tobacco (Kenya) Ltd.,350.00,2020-11-05
BERG,Crown Paints Kenya Limited,38.00,2020-11-05
BKG,Bank of Kigali Group Limited,12.55,2020-11-05
BOC,BOC Kenya Limited,56.50,2020-11-05
BRIT,Britam Holdings Limited,7.48,2020-11-05
C&G,Car and General (Kenya) Limited,22.50,2020-11-05
CABL,East African Cables Limited,1.39,2020-11-05
CARB,Carbacid Investments Limited,8.70,2020-11-05
CFC,Stanbic Holdings Limited,75.50,2020-11-05
CFCI,Liberty Kenya Holdings Limited,7.82,2020-11-05
CIC,CIC Insurance Group Limited,2.15,2020-11-05
COOP,Co-operative Bank of Kenya Limited,11.50,2020-11-05
DCON,Deacons (East Africa) Plc,0.45,2020-11-05
DTK,Diamond Trust Bank Kenya Limited,61.00,2020-11-05
EABL,East African Breweries Limited,150.25,2020-11-05
EGAD,Eaagads Limited,13.25,2020-11-05
EQTY,Equity Group Holdings Limited,34.65,2020-11-05
EVRD,Eveready East Africa Limited,0.99,2020-11-05
FAHR,STANLIB Fahari Income REIT,5.34,2020-11-05
FIRE,Sameer Africa Limited,3.09,2020-11-05
FTGH,Flame Tree Group Holdings Limited,1.44,2020-11-05
GLD,NewGold Exchange Traded Fund,"1,970.00",2020-11-05
HAFR,Home Afrika Limited,0.42,2020-11-05
HFCK,Housing Finance Company Limited,3.69,2020-11-05
I&M,I&M Holdings Plc,43.20,2020-11-05
ICDC,Centum Investment Company Limited,17.95,2020-11-05
JUB,Jubilee Holdings Limited,268.50,2020-11-05
KAPC,Kapchorua Tea Company Limited,80.00,2020-11-05
KCB,KCB Bank Kenya Limited,35.40,2020-11-05
KEGN,Kenya Electricity Generating Co. Ltd.,4.82,2020-11-05
KNRE,Kenya Re-Insurance Corporation Ltd,2.18,2020-11-05
KPLC,Kenya Power & Lighting Co. Limited,1.74,2020-11-05
KPLC-P4,Kenya Power Pref. Shares at 4%,5.00,2020-11-05
KPLC-P7,Kenya Power Pref. Shares at 7%,6.00,2020-11-05
KQ,Kenya Airways Limited,3.83,2020-11-05
KUKZ,Kakuzi Limited,370.75,2020-11-05
KURV,Kurwitu Ventures Limited,"1,500.00",2020-11-05
LIMT,Limuru Tea Company Limited,360.00,2020-11-05
LKL,Longhorn Publishers Limited,4.53,2020-11-05
MSC,Mumias Sugar Company Limited,0.28,2020-11-05
NBK,National Bank of Kenya Limited,4.12,2020-11-05
NBV,Nairobi Business Ventures Ltd,0.71,2020-11-05
NIC,NIC Bank Limited,22.00,2020-11-05
NMG,Nation Media Group,15.45,2020-11-05
NSE,Nairobi Securities Exchange Limited,8.00,2020-11-05
OCH,Olympia Capital Holdings Limited,2.14,2020-11-05
ORCH,Kenya Orchards Limited,11.05,2020-11-05
PAFR,Sanlam Kenya Plc,12.75,2020-11-05
PORT,East African Portland Cement Co. Ltd,16.00,2020-11-05
SASN,Sasini Tea and Coffee Limited,18.00,2020-11-05
SCAN,ScanGroup Limited,6.34,2020-11-05
SCBK,Standard Chartered Bank Limited,158.00,2020-11-05
SCOM,Safaricom Limited,31.25,2020-11-05
SGL,Standard Group Limited,25.30,2020-11-05
TCL,Trans Century Limited,1.60,2020-11-05
TOTL,Total Kenya Limited,24.80,2020-11-05
TPSE,TPS Eastern Africa (Serena) Limited,14.95,2020-11-05
UCHM,Uchumi Supermarket Limited,0.28,2020-11-05
UMME,Umeme Limited,7.20,2020-11-05
UNGA,Unga Group Limited,30.05,2020-11-05
WTK,Williamson Tea Kenya Limited,130.00,2020-11-05
XPRS,Express Kenya Limited,3.60,2020-11-05
ABSA,Absa Bank Kenya Plc,9.50,2020-11-06
ARM,ARM Cement Limited,5.55,2020-11-06
BAMB,Bamburi Cement Limited,24.70,2020-11-06
BAT,British American Tobacco (Kenya) Ltd.,350.00,2020-11-06
BERG,Crown Paints Kenya Limited,38.00,2020-11-06
BKG,Bank of Kigali Group Limited,12.55,2020-11-06
BOC,BOC Kenya Limited,56.50,2020-11-06
BRIT,Britam Holdings Limited,7.50,2020-11-06
C&G,Car and General (Kenya) Limited,22.50,2020-11-06
CABL,East African Cables Limited,1.40,2020-11-06
CARB,Carbacid Investments Limited,8.96,2020-11-06
CFC,Stanbic Holdings Limited,80.00,2020-11-06
CFCI,Liberty Kenya Holdings Limited,7.50,2020-11-06
CIC,CIC Insurance Group Limited,2.18,2020-11-06
COOP,Co-operative Bank of Kenya Limited,11.60,2020-11-06
DCON,Deacons (East Africa) Plc,0.45,2020-11-06
DTK,Diamond Trust Bank Kenya Limited,61.00,2020-11-06
EABL,East African Breweries Limited,150.75,2020-11-06
EGAD,Eaagads Limited,13.25,2020-11-06
EQTY,Equity Group Holdings Limited,35.00,2020-11-06
EVRD,Eveready East Africa Limited,0.90,2020-11-06
FAHR,STANLIB Fahari Income REIT,5.50,2020-11-06
FIRE,Sameer Africa Limited,3.09,2020-11-06
FTGH,Flame Tree Group Holdings Limited,1.39,2020-11-06
GLD,NewGold Exchange Traded Fund,"1,970.00",2020-11-06
HAFR,Home Afrika Limited,0.41,2020-11-06
HFCK,Housing Finance Company Limited,3.69,2020-11-06
I&M,I&M Holdings Plc,43.20,2020-11-06
ICDC,Centum Investment Company Limited,18.00,2020-11-06
JUB,Jubilee Holdings Limited,269.00,2020-11-06
KAPC,Kapchorua Tea Company Limited,80.00,2020-11-06
KCB,KCB Bank Kenya Limited,35.60,2020-11-06
KEGN,Kenya Electricity Generating Co. Ltd.,4.82,2020-11-06
KNRE,Kenya Re-Insurance Corporation Ltd,2.02,2020-11-06
KPLC,Kenya Power & Lighting Co. Limited,1.78,2020-11-06
KPLC-P4,Kenya Power Pref. Shares at 4%,5.00,2020-11-06
KPLC-P7,Kenya Power Pref. Shares at 7%,6.00,2020-11-06
KQ,Kenya Airways Limited,3.83,2020-11-06
KUKZ,Kakuzi Limited,372.50,2020-11-06
KURV,Kurwitu Ventures Limited,"1,500.00",2020-11-06
LIMT,Limuru Tea Company Limited,360.00,2020-11-06
LKL,Longhorn Publishers Limited,4.50,2020-11-06
MSC,Mumias Sugar Company Limited,0.28,2020-11-06
NBK,National Bank of Kenya Limited,4.12,2020-11-06
NBV,Nairobi Business Ventures Ltd,0.71,2020-11-06
NIC,NIC Bank Limited,21.95,2020-11-06
NMG,Nation Media Group,15.15,2020-11-06
NSE,Nairobi Securities Exchange Limited,7.76,2020-11-06
OCH,Olympia Capital Holdings Limited,2.20,2020-11-06
ORCH,Kenya Orchards Limited,11.05,2020-11-06
PAFR,Sanlam Kenya Plc,12.75,2020-11-06
PORT,East African Portland Cement Co. Ltd,16.00,2020-11-06
SASN,Sasini Tea and Coffee Limited,18.20,2020-11-06
SCAN,ScanGroup Limited,6.40,2020-11-06
SCBK,Standard Chartered Bank Limited,157.00,2020-11-06
SCOM,Safaricom Limited,31.30,2020-11-06
SGL,Standard Group Limited,25.30,2020-11-06
TCL,Trans Century Limited,1.60,2020-11-06
TOTL,Total Kenya Limited,24.70,2020-11-06
TPSE,TPS Eastern Africa (Serena) Limited,14.95,2020-11-06
UCHM,Uchumi Supermarket Limited,0.30,2020-11-06
UMME,Umeme Limited,7.18,2020-11-06
UNGA,Unga Group Limited,30.05,2020-11-06
WTK,Williamson Tea Kenya Limited,132.50,2020-11-06
XPRS,Express Kenya Limited,3.91,2020-11-06
